{"0": "add_to_playlist",
 "1": "converse",
 "2": "create_alarm",
 "3": "create_playlist",
 "4": "create_todo",
 "5": "delete_playlist",
 "6": "delete_todo",
 "7": "fast_forward_music",
 "8": "get_alarms",
 "9": "get_date",
 "10": "get_music_info",
 "11": "get_time",
 "12": "get_todos",
 "13": "get_weather",
 "14": "pause_music",
 "15": "play_music",
 "16": "previous_music",
 "17": "remove_from_playlist",
 "18": "resume_music",
 "19": "rewind_music",
 "20": "search",
 "21": "skip_music",
 "22": "stop"}